r_precision,ndcg,clicks,rr,recall
0.0,0.11223479233679762,48,0.002079002079002079,0.013157894736842105
0.0,0.12535601227357512,25,0.003968253968253968,0.013157894736842105
0.0,0.0,50,0,0.0
0.0,0.0,50,0,0.0
0.013157894736842105,0.26810252998608336,5,0.019230769230769232,0.14473684210526316
0.0,0.13263758124508376,14,0.006756756756756757,0.02631578947368421
0.0,0.1572932473495469,8,0.012195121951219513,0.013157894736842105
0.02631578947368421,0.20498270406446756,4,0.020833333333333332,0.06578947368421052
0.013157894736842105,0.1440007589078129,6,0.014705882352941176,0.02631578947368421
0.0,0.0,50,0,0.0
0.0,0.15580059233565646,18,0.005405405405405406,0.05263157894736842
0.039473684210526314,0.28593848131680477,4,0.023809523809523808,0.13157894736842105
0.0,0.2123786144025666,10,0.009523809523809525,0.10526315789473684
0.0,0.0,50,0,0.0
0.039473684210526314,0.24811217515092074,2,0.04,0.07894736842105263
0.0,0.11475462769240671,41,0.002380952380952381,0.012987012987012988
0.0,0.0,50,0,0.0
0.0,0.0,50,0,0.0
0.012987012987012988,0.23082236391611777,2,0.034482758620689655,0.07792207792207792
0.0,0.0,50,0,0.0
0.0,0.0,50,0,0.0
0.0,0.1522047321251606,20,0.004878048780487805,0.05194805194805195
0.0,0.13083406722189225,17,0.005714285714285714,0.025974025974025976
0.0,0.0,50,0,0.0
0.0,0.1515171524096389,9,0.010309278350515464,0.012987012987012988
0.012987012987012988,0.16180531175322022,4,0.02040816326530612,0.03896103896103896
0.0,0.1431242702690134,13,0.007575757575757576,0.03896103896103896
0.0,0.0,50,0,0.0
0.0,0.2276991723824705,8,0.011764705882352941,0.1038961038961039
0.0,0.12195609262725442,29,0.003401360544217687,0.012987012987012988
0.038461538461538464,0.26010186738144364,3,0.03225806451612903,0.11538461538461539
0.0,0.0,50,0,0.0
0.0,0.0,50,0,0.0
0.038461538461538464,0.29802266243510234,2,0.03333333333333333,0.14102564102564102
0.0,0.0,50,0,0.0
0.038461538461538464,0.32059692738343454,0,0.14285714285714285,0.1282051282051282
0.0,0.0,50,0,0.0
0.0,0.0,50,0,0.0
0.01282051282051282,0.1564234394513043,7,0.01282051282051282,0.038461538461538464
0.0,0.12202924598798272,29,0.0034129692832764505,0.01282051282051282
0.0,0.161994466595137,8,0.011764705882352941,0.038461538461538464
0.0,0.0,50,0,0.0
0.0,0.13487455139322527,29,0.0034129692832764505,0.038461538461538464
0.01282051282051282,0.18003238542795008,6,0.015151515151515152,0.05128205128205128
0.0,0.0,50,0,0.0
0.0,0.0,50,0,0.0
0.0,0.1247379211420028,25,0.003861003861003861,0.012658227848101266
0.012658227848101266,0.2032765727954473,5,0.018518518518518517,0.0759493670886076
0.0,0.0,50,0,0.0
0.012658227848101266,0.2176682338466705,7,0.0136986301369863,0.08860759493670886
0.0,0.13095717820738859,31,0.0031446540880503146,0.0379746835443038
0.0,0.15232706166029863,10,0.009433962264150943,0.0379746835443038
0.0379746835443038,0.26328055215277585,4,0.024390243902439025,0.11392405063291139
0.0,0.0,50,0,0.0
0.0,0.0,50,0,0.0
0.0,0.15047183933941624,25,0.003952569169960474,0.05063291139240506
0.0,0.0,50,0,0.0
0.012658227848101266,0.2525546926741981,3,0.027777777777777776,0.12658227848101267
0.02531645569620253,0.23661208761497018,4,0.021739130434782608,0.11392405063291139
0.0,0.0,50,0,0.0
0.0,0.13691539142239212,15,0.006329113924050633,0.012658227848101266
0.0,0.0,50,0,0.0
0.0,0.12362399495267204,17,0.005747126436781609,0.02531645569620253
0.0125,0.24934987371055264,1,0.07692307692307693,0.1
0.0,0.0,50,0,0.0
0.05,0.38054686049951225,0,0.25,0.125
0.0,0.0,50,0,0.0
0.0125,0.19613454939534777,1,0.05555555555555555,0.05
0.0,0.0,50,0,0.0
0.0,0.13575295390501496,16,0.006060606060606061,0.0125
0.0,0.0,50,0,0.0
0.0,0.0,50,0,0.0
0.0,0.0,50,0,0.0
0.0,0.0,50,0,0.0
0.0,0.16240632305731476,9,0.010752688172043012,0.05
0.037037037037037035,0.30713155586067514,1,0.09090909090909091,0.1111111111111111
0.0,0.1330957692578756,10,0.009708737864077669,0.024691358024691357
0.024691358024691357,0.26731565208375296,4,0.02,0.13580246913580246
0.0,0.15633313972559915,9,0.010416666666666666,0.037037037037037035
0.012345679012345678,0.1924384844453589,5,0.017543859649122806,0.07407407407407407
0.0,0.0,50,0,0.0
0.0,0.0,50,0,0.0
0.0,0.0,50,0,0.0
0.0,0.0,50,0,0.0
0.0,0.14749383582640327,10,0.009433962264150943,0.037037037037037035
0.0,0.2047892395472697,11,0.008849557522123894,0.08641975308641975
0.0,0.0,50,0,0.0
0.0,0.0,50,0,0.0
0.0,0.0,50,0,0.0
0.1111111111111111,0.3601616992253519,2,0.045454545454545456,0.13580246913580246
0.037037037037037035,0.2541632238805132,2,0.047619047619047616,0.07407407407407407
0.012345679012345678,0.18711156177757418,5,0.017543859649122806,0.04938271604938271
0.0,0.14047032975614,13,0.007194244604316547,0.012345679012345678
0.0,0.13163513761219833,28,0.0035335689045936395,0.037037037037037035
0.07407407407407407,0.3618690023406325,0,0.1111111111111111,0.13580246913580246
0.0,0.0,50,0,0.0
0.012345679012345678,0.21030090712750238,5,0.018867924528301886,0.08641975308641975
0.012345679012345678,0.18142888931290801,8,0.012345679012345678,0.06172839506172839
0.0,0.0,50,0,0.0
0.012195121951219513,0.2277175666043712,4,0.020833333333333332,0.10975609756097561
0.0,0.0,50,0,0.0
0.0,0.1281903386569819,22,0.004484304932735426,0.012195121951219513
0.0,0.0,50,0,0.0
0.0,0.0,50,0,0.0
0.0,0.0,50,0,0.0
0.0,0.15602106502222501,8,0.011764705882352941,0.012195121951219513
0.0,0.12897094736759,12,0.007936507936507936,0.024390243902439025
0.0,0.0,50,0,0.0
0.04878048780487805,0.2766873177298451,2,0.043478260869565216,0.0975609756097561
0.012195121951219513,0.255013893998119,1,0.07692307692307693,0.08536585365853659
0.0,0.12706628383301638,19,0.005076142131979695,0.024390243902439025
0.024390243902439025,0.2160699384551141,4,0.020833333333333332,0.06097560975609756
0.012195121951219513,0.1754661006134561,6,0.014492753623188406,0.06097560975609756
0.0,0.1154275389785604,38,0.002577319587628866,0.024390243902439025
0.012048192771084338,0.23981246656813146,1,0.05555555555555555,0.012048192771084338
0.0,0.16907867865252932,13,0.007352941176470588,0.04819277108433735
0.0,0.0,50,0,0.0
0.0,0.25381229102643643,11,0.008403361344537815,0.1566265060240964
0.03614457831325301,0.2904635849479729,0,0.1111111111111111,0.07228915662650602
0.03614457831325301,0.249095173266289,1,0.05555555555555555,0.07228915662650602
0.0,0.0,50,0,0.0
0.0,0.21436841680642546,14,0.007042253521126761,0.0963855421686747
0.0,0.0,50,0,0.0
0.0,0.0,50,0,0.0
0.0,0.0,50,0,0.0
0.0,0.0,50,0,0.0
0.047619047619047616,0.2892064451530894,2,0.043478260869565216,0.11904761904761904
0.0,0.11974120608934283,29,0.003355704697986577,0.023809523809523808
0.0,0.11952336657156287,25,0.003875968992248062,0.023809523809523808
0.023809523809523808,0.22088657610293524,1,0.07692307692307693,0.047619047619047616
0.0,0.18366088004876266,16,0.005952380952380952,0.07142857142857142
0.03529411764705882,0.3319916970362917,2,0.043478260869565216,0.17647058823529413
0.0,0.12262689205660743,28,0.0035087719298245615,0.011764705882352941
0.0,0.0,50,0,0.0
0.0,0.0,50,0,0.0
0.011764705882352941,0.1662818982015037,7,0.013513513513513514,0.047058823529411764
0.0,0.12175725069388765,20,0.004975124378109453,0.03529411764705882
0.0,0.0,50,0,0.0
0.011764705882352941,0.1772900529884115,6,0.015625,0.058823529411764705
0.0,0.1437981784459892,14,0.006666666666666667,0.03529411764705882
0.046511627906976744,0.3391520460299227,3,0.02857142857142857,0.19767441860465115
0.0,0.16735331163131556,17,0.005847953216374269,0.046511627906976744
0.0,0.0,50,0,0.0
0.0,0.0,50,0,0.0
0.0,0.14893063122839134,10,0.009174311926605505,0.03488372093023256
0.0,0.0,50,0,0.0
0.0,0.16715678370531442,31,0.0031545741324921135,0.05813953488372093
0.05813953488372093,0.36665829169117303,0,0.125,0.16279069767441862
0.0,0.1239758173245847,26,0.0037313432835820895,0.011627906976744186
0.03488372093023256,0.2004207773611041,5,0.016666666666666666,0.046511627906976744
0.023255813953488372,0.21369056654601262,3,0.02631578947368421,0.06976744186046512
0.0,0.0,50,0,0.0
0.0,0.0,50,0,0.0
0.0,0.0,50,0,0.0
0.0,0.20177454310130996,10,0.009259259259259259,0.08045977011494253
0.011494252873563218,0.2731073589289926,1,0.07692307692307693,0.12643678160919541
0.0,0.0,50,0,0.0
0.022988505747126436,0.2677042655938651,1,0.0625,0.09195402298850575
0.011494252873563218,0.18636395257623337,7,0.0136986301369863,0.05747126436781609
0.0,0.0,50,0,0.0
0.0,0.0,50,0,0.0
0.011494252873563218,0.22031898061443644,6,0.01639344262295082,0.09195402298850575
0.0,0.0,50,0,0.0
0.011494252873563218,0.23046392472175647,3,0.02857142857142857,0.06896551724137931
0.0,0.11684398716805736,37,0.002652519893899204,0.011494252873563218
0.0,0.11673986593405923,37,0.002638522427440633,0.011494252873563218
0.0,0.0,50,0,0.0
0.022988505747126436,0.22087815740260877,4,0.022727272727272728,0.08045977011494253
0.0,0.0,50,0,0.0
0.022988505747126436,0.3024920885847768,0,0.25,0.06896551724137931
0.0,0.14230472016357001,12,0.007874015748031496,0.022988505747126436
0.0,0.13553714381834836,13,0.007352941176470588,0.022988505747126436
0.0,0.0,50,0,0.0
0.0,0.0,50,0,0.0
0.011494252873563218,0.1640442343468148,7,0.012658227848101266,0.034482758620689655
0.011363636363636364,0.21773346848464586,7,0.012658227848101266,0.07954545454545454
0.03409090909090909,0.22779802640556285,2,0.03333333333333333,0.056818181818181816
0.0,0.0,50,0,0.0
0.011363636363636364,0.18208790046993825,4,0.022222222222222223,0.011363636363636364
0.022727272727272728,0.2625820424431951,8,0.011627906976744186,0.13636363636363635
0.0,0.20068022715320274,12,0.008130081300813009,0.06818181818181818
0.0,0.12562862498641655,16,0.005952380952380952,0.022727272727272728
0.0,0.0,50,0,0.0
0.056818181818181816,0.2878265933617809,0,0.1111111111111111,0.09090909090909091
0.011363636363636364,0.16326142785196449,5,0.01818181818181818,0.03409090909090909
0.0,0.0,50,0,0.0
0.056818181818181816,0.3486047811965263,3,0.027777777777777776,0.2159090909090909
0.0,0.11804308142784689,34,0.002857142857142857,0.02247191011235955
0.0,0.13167051928550605,17,0.005555555555555556,0.02247191011235955
0.0,0.0,50,0,0.0
0.0,0.0,50,0,0.0
0.0,0.0,50,0,0.0
0.0,0.0,50,0,0.0
0.0,0.12676290360187092,23,0.004219409282700422,0.011235955056179775
0.0,0.1138351243484765,44,0.0022675736961451248,0.011235955056179775
0.011235955056179775,0.2669292469430301,2,0.034482758620689655,0.12359550561797752
0.0,0.1417377701235801,13,0.007518796992481203,0.011235955056179775
0.0,0.1130921034750502,45,0.002178649237472767,0.011235955056179775
0.0,0.12827958292596978,16,0.0058823529411764705,0.033707865168539325
0.011235955056179775,0.20050319988086782,7,0.014084507042253521,0.06741573033707865
0.0,0.11844210499474328,34,0.0028735632183908046,0.011235955056179775
0.0,0.0,50,0,0.0
0.05555555555555555,0.3755701006845815,0,0.25,0.14444444444444443
0.05555555555555555,0.3079713159529212,1,0.06666666666666667,0.07777777777777778
0.0,0.12534110308861451,22,0.0044444444444444444,0.022222222222222223
0.0,0.0,50,0,0.0
0.0,0.1741275039886646,12,0.008,0.05555555555555555
0.0,0.19551591658204773,11,0.008695652173913044,0.07777777777777778
0.0,0.12189143973460059,20,0.004807692307692308,0.022222222222222223
0.0,0.1265207282296395,23,0.004201680672268907,0.022222222222222223
0.0,0.14156812387856094,20,0.0048543689320388345,0.03296703296703297
0.01098901098901099,0.19690000226855098,8,0.011627906976744186,0.06593406593406594
0.0,0.19650867077315573,15,0.006578947368421052,0.07692307692307693
0.0,0.13440716640882575,12,0.007751937984496124,0.02197802197802198
0.01098901098901099,0.2995682375317887,2,0.04,0.18681318681318682
0.01098901098901099,0.2062122053273321,3,0.03225806451612903,0.06593406593406594
0.0,0.13210291605819502,18,0.005263157894736842,0.01098901098901099
0.0,0.12277986014699886,28,0.0035335689045936395,0.01098901098901099
0.02197802197802198,0.20839849021663984,3,0.03125,0.054945054945054944
0.0,0.1169459208045627,34,0.0028735632183908046,0.02197802197802198
0.021739130434782608,0.2751619643028703,0,0.2,0.043478260869565216
0.0,0.17434137377941578,11,0.008695652173913044,0.05434782608695652
0.0,0.0,50,0,0.0
0.0,0.0,50,0,0.0
0.010869565217391304,0.1706916007604249,7,0.012987012987012988,0.043478260869565216
0.0,0.0,50,0,0.0
0.010869565217391304,0.156861774859441,8,0.012048192771084338,0.010869565217391304
0.08695652173913043,0.4865318183811997,0,0.5,0.21739130434782608
0.010869565217391304,0.21613589312414805,2,0.038461538461538464,0.06521739130434782
0.0,0.0,50,0,0.0
0.0,0.11261926404196264,46,0.002145922746781116,0.021739130434782608
0.0,0.0,50,0,0.0
0.0,0.0,50,0,0.0
0.08695652173913043,0.37034807038031914,1,0.058823529411764705,0.14130434782608695
0.0,0.0,50,0,0.0
0.0,0.18022693734568537,16,0.005988023952095809,0.05434782608695652
0.010869565217391304,0.16146971478380273,5,0.016666666666666666,0.03260869565217391
0.0,0.0,50,0,0.0
0.0,0.147095339889629,29,0.0034129692832764505,0.043010752688172046
0.0,0.0,50,0,0.0
0.0,0.18143111791667219,12,0.007874015748031496,0.053763440860215055
0.0,0.1367449754241439,15,0.006289308176100629,0.010752688172043012
0.0,0.0,50,0,0.0
0.021505376344086023,0.31858620927134335,0,0.14285714285714285,0.11827956989247312
0.0,0.229950588104935,11,0.009009009009009009,0.0967741935483871
0.0,0.111571081423294,49,0.002004008016032064,0.010752688172043012
0.0,0.0,50,0,0.0
0.0,0.0,50,0,0.0
0.0,0.0,50,0,0.0
0.010638297872340425,0.19379017678351557,4,0.02,0.06382978723404255
0.0,0.0,50,0,0.0
0.0,0.15638019125333025,12,0.007936507936507936,0.0425531914893617
0.031914893617021274,0.2916155872013892,3,0.027777777777777776,0.13829787234042554
0.010638297872340425,0.16427204996205025,6,0.014705882352941176,0.010638297872340425
0.0,0.11590353936745165,34,0.0029239766081871343,0.02127659574468085
0.0,0.0,50,0,0.0
0.0,0.0,50,0,0.0
0.0,0.11804315372011018,31,0.0031746031746031746,0.02127659574468085
0.010638297872340425,0.20244392118280582,6,0.015384615384615385,0.06382978723404255
0.0,0.0,50,0,0.0
0.0425531914893617,0.30119994866536487,5,0.019230769230769232,0.13829787234042554
0.010638297872340425,0.150805507148123,5,0.019230769230769232,0.02127659574468085
0.0,0.0,50,0,0.0
0.010638297872340425,0.19782094845449413,4,0.02,0.06382978723404255
0.0,0.0,50,0,0.0
0.0,0.0,50,0,0.0
0.09473684210526316,0.41447970379823956,1,0.09090909090909091,0.18947368421052632
0.0,0.0,50,0,0.0
0.05263157894736842,0.3210237801584715,0,0.1,0.08421052631578947
0.031578947368421054,0.26949718166573366,4,0.023255813953488372,0.10526315789473684
0.010526315789473684,0.1685050005431384,4,0.02,0.042105263157894736
0.0,0.0,50,0,0.0
0.041666666666666664,0.27060350812744494,2,0.03333333333333333,0.08333333333333333
0.010416666666666666,0.24354131922983593,3,0.03225806451612903,0.09375
0.0,0.11392016557194823,43,0.002277904328018223,0.010309278350515464
0.0,0.11638114635461058,38,0.0025906735751295338,0.010309278350515464
0.0,0.11526105952381957,40,0.0024449877750611247,0.010309278350515464
0.020618556701030927,0.26819251000005345,2,0.041666666666666664,0.10309278350515463
0.05154639175257732,0.37408467866541495,3,0.029411764705882353,0.24742268041237114
0.0,0.14217177860844765,12,0.008264462809917356,0.030927835051546393
0.010309278350515464,0.16332909151390346,4,0.021739130434782608,0.030927835051546393
0.0,0.0,50,0,0.0
0.0,0.13481798848033358,28,0.003484320557491289,0.04081632653061224
0.0,0.0,50,0,0.0
0.01020408163265306,0.17707521464246792,3,0.03125,0.04081632653061224
0.02040816326530612,0.2697851902504799,3,0.030303030303030304,0.09183673469387756
0.02040816326530612,0.3018365088129381,1,0.08333333333333333,0.11224489795918367
0.0,0.1372893429666258,29,0.0033783783783783786,0.04081632653061224
0.0,0.0,50,0,0.0
0.0,0.0,50,0,0.0
0.0,0.18109454638687536,9,0.01,0.05102040816326531
0.0,0.0,50,0,0.0
0.030303030303030304,0.2540907196802377,6,0.014705882352941176,0.10101010101010101
0.0,0.0,50,0,0.0
0.0,0.12986271389725296,20,0.004807692307692308,0.010101010101010102
0.0,0.0,50,0,0.0
0.0,0.0,50,0,0.0
0.0,0.12417601643875154,19,0.005235602094240838,0.020202020202020204
0.0,0.119586647188533,24,0.004132231404958678,0.020202020202020204
0.0,0.1234164834508901,23,0.004166666666666667,0.020202020202020204
0.0,0.12474361106456001,25,0.003937007874015748,0.02
0.0,0.0,50,0,0.0
0.0,0.0,50,0,0.0
0.01,0.17070727966372012,5,0.017241379310344827,0.01
0.0,0.0,50,0,0.0
0.0,0.14308844150498737,12,0.007874015748031496,0.01
0.0,0.0,50,0,0.0
0.0,0.12381117136871862,26,0.003703703703703704,0.01
0.0,0.20617266394841724,11,0.008333333333333333,0.06
0.0,0.1157859747222698,39,0.002512562814070352,0.01
0.0,0.12806110776605217,20,0.004784688995215311,0.02
0.0,0.0,50,0,0.0
0.039603960396039604,0.31903637094925835,0,0.25,0.04950495049504951
0.0,0.0,50,0,0.0
0.019801980198019802,0.2960724120704887,1,0.06666666666666667,0.12871287128712872
0.0,0.1191362227748751,29,0.003367003367003367,0.019801980198019802
0.009900990099009901,0.13661747440486913,7,0.0136986301369863,0.019801980198019802
0.0,0.14240211088697471,12,0.007692307692307693,0.009900990099009901
0.0,0.12340669906379237,27,0.0036363636363636364,0.009900990099009901
0.019801980198019802,0.19778321707021307,5,0.018867924528301886,0.04950495049504951
0.039603960396039604,0.3263065988426914,1,0.07692307692307693,0.1188118811881188
0.0,0.13591477156700138,16,0.006097560975609756,0.009900990099009901
0.0,0.0,50,0,0.0
0.0,0.0,50,0,0.0
0.0392156862745098,0.3161896974882322,2,0.03333333333333333,0.13725490196078433
0.0,0.0,50,0,0.0
0.0,0.14924393652741205,10,0.009615384615384616,0.00980392156862745
0.049019607843137254,0.292826308142169,2,0.03333333333333333,0.10784313725490197
0.0,0.14413282525511467,17,0.00558659217877095,0.029411764705882353
0.0,0.0,50,0,0.0
0.058823529411764705,0.3290949858420953,3,0.027777777777777776,0.14705882352941177
0.0196078431372549,0.22103296781412154,2,0.04,0.058823529411764705
0.0,0.1471739791025684,12,0.007751937984496124,0.029411764705882353
0.0,0.0,50,0,0.0
0.0,0.1606558992018195,18,0.005376344086021506,0.0392156862745098
0.00980392156862745,0.24055736532728955,0,0.125,0.058823529411764705
0.0,0.1128135153843841,46,0.002145922746781116,0.00980392156862745
0.02912621359223301,0.2775451488680948,0,0.14285714285714285,0.06796116504854369
0.0,0.14717968691798522,11,0.009009009009009009,0.009708737864077669
0.0,0.12226073544042326,27,0.0036496350364963502,0.019417475728155338
0.009708737864077669,0.1810425967800402,4,0.021739130434782608,0.009708737864077669
0.0,0.11562592680633985,33,0.0029940119760479044,0.019417475728155338
0.019417475728155338,0.25543487625247163,3,0.025,0.0970873786407767
0.0,0.13640858525969024,16,0.006211180124223602,0.009708737864077669
0.02912621359223301,0.30096359245560916,0,0.16666666666666666,0.0970873786407767
0.0,0.1690049655637084,10,0.009523809523809525,0.038461538461538464
0.009615384615384616,0.21506534790221615,10,0.009708737864077669,0.0673076923076923
0.0,0.0,50,0,0.0
0.0,0.16873739970205132,10,0.009523809523809525,0.038461538461538464
0.0,0.0,50,0,0.0
0.057692307692307696,0.30783636241205375,2,0.03571428571428571,0.09615384615384616
0.0,0.0,50,0,0.0
0.009615384615384616,0.1600488326472736,6,0.014925373134328358,0.028846153846153848
0.0673076923076923,0.3636227709425367,1,0.0625,0.11538461538461539
0.0,0.0,50,0,0.0
0.0,0.0,50,0,0.0
0.0,0.11484538363826739,41,0.0023923444976076554,0.009615384615384616
0.0,0.14308844150498737,12,0.007874015748031496,0.009523809523809525
0.047619047619047616,0.35995475654193965,3,0.03225806451612903,0.2
0.0,0.19674228802109775,17,0.0056179775280898875,0.06666666666666667
0.0,0.20874183245343841,11,0.009009009009009009,0.06666666666666667
0.0,0.0,50,0,0.0
0.0,0.11977872336078005,32,0.003067484662576687,0.009523809523809525
0.0,0.0,50,0,0.0
0.0,0.0,50,0,0.0
0.0,0.11350001355835748,44,0.0022271714922048997,0.009523809523809525
0.0,0.0,50,0,0.0
0.009523809523809525,0.23137821315975915,1,0.05,0.009523809523809525
0.04716981132075472,0.33425798901228976,2,0.03571428571428571,0.1509433962264151
0.0,0.11977872336078005,32,0.003067484662576687,0.018867924528301886
0.009433962264150943,0.22742746218167367,4,0.02,0.0660377358490566
0.04716981132075472,0.34401313416409574,1,0.05263157894736842,0.16981132075471697
0.03773584905660377,0.25971006000700625,3,0.030303030303030304,0.07547169811320754
0.0,0.14047032975614,13,0.007194244604316547,0.009433962264150943
0.0,0.1700509353646907,13,0.007575757575757576,0.03773584905660377
0.05660377358490566,0.4129968995697632,0,0.3333333333333333,0.1792452830188679
0.0,0.11153513939775646,49,0.002,0.009433962264150943
0.009433962264150943,0.16741634605369762,6,0.015151515151515152,0.03773584905660377
0.0,0.1327138178296682,15,0.006329113924050633,0.018867924528301886
0.03773584905660377,0.2903025304474258,0,0.1111111111111111,0.07547169811320754
0.0,0.11698091371849276,30,0.0033112582781456954,0.018867924528301886
0.009433962264150943,0.23364640240351459,10,0.009900990099009901,0.08490566037735849
0.0,0.16560341326997058,14,0.006756756756756757,0.037383177570093455
0.0,0.0,50,0,0.0
0.028037383177570093,0.3003234526285016,2,0.043478260869565216,0.11214953271028037
0.0,0.1563498312710638,13,0.007462686567164179,0.028037383177570093
0.0,0.0,50,0,0.0
0.04672897196261682,0.3776122724324878,0,0.125,0.205607476635514
0.0,0.0,50,0,0.0
0.009345794392523364,0.23677667868368696,9,0.010638297872340425,0.09345794392523364
0.0,0.1351131755177224,33,0.0030120481927710845,0.028037383177570093
0.06542056074766354,0.32416138904218633,1,0.058823529411764705,0.102803738317757
0.018691588785046728,0.23828323249875044,6,0.015873015873015872,0.08411214953271028
0.056074766355140186,0.41172701386150284,0,0.25,0.11214953271028037
0.0,0.0,50,0,0.0
0.009259259259259259,0.5579173263255691,0,0.5,0.018518518518518517
0.0,0.0,50,0,0.0
0.07407407407407407,0.4745395862001053,0,0.3333333333333333,0.1574074074074074
0.0,0.0,50,0,0.0
0.0,0.0,50,0,0.0
0.0,0.0,50,0,0.0
0.0,0.11980188822296503,26,0.003745318352059925,0.018518518518518517
0.0,0.0,50,0,0.0
0.0,0.11521427418872471,40,0.0024390243902439024,0.009259259259259259
0.0,0.0,50,0,0.0
0.0,0.21051758071180052,16,0.006211180124223602,0.07407407407407407
0.0,0.0,50,0,0.0
0.0,0.1260488459197849,16,0.006211180124223602,0.01834862385321101
0.0,0.0,50,0,0.0
0.0,0.1601190995890678,17,0.005714285714285714,0.03669724770642202
0.0,0.0,50,0,0.0
0.027522935779816515,0.26586767524289967,3,0.03125,0.09174311926605505
0.0,0.0,50,0,0.0
0.0,0.0,50,0,0.0
0.0,0.0,50,0,0.0
0.0,0.0,50,0,0.0
0.0,0.11666409141300649,37,0.0026595744680851063,0.01818181818181818
0.0,0.0,50,0,0.0
0.01818181818181818,0.17552876393792716,3,0.02702702702702703,0.01818181818181818
0.0,0.12536265648702424,16,0.005952380952380952,0.01818181818181818
0.0,0.13436577374141603,28,0.0035087719298245615,0.02727272727272727
0.00909090909090909,0.148634337571835,10,0.009433962264150943,0.00909090909090909
0.0,0.0,50,0,0.0
0.0,0.16223927228397036,13,0.007518796992481203,0.03636363636363636
0.01818181818181818,0.22247747727503858,2,0.04,0.05454545454545454
0.00909090909090909,0.1965616322328226,3,0.029411764705882353,0.00909090909090909
0.02727272727272727,0.2721120568023898,9,0.010752688172043012,0.10909090909090909
0.0,0.12810566937981208,14,0.006944444444444444,0.018018018018018018
0.0,0.0,50,0,0.0
0.0,0.12875092967329566,13,0.007575757575757576,0.018018018018018018
0.018018018018018018,0.19454719333607495,4,0.020833333333333332,0.04504504504504504
0.009009009009009009,0.19055980054291155,2,0.045454545454545456,0.036036036036036036
0.0,0.0,50,0,0.0
0.0,0.16172672850676845,15,0.0064516129032258064,0.036036036036036036
0.0,0.0,50,0,0.0
0.0,0.0,50,0,0.0
0.08108108108108109,0.35674246248736347,1,0.058823529411764705,0.13513513513513514
0.07142857142857142,0.38062342640962277,1,0.09090909090909091,0.16964285714285715
0.0,0.0,50,0,0.0
0.0,0.1433442709746495,11,0.008849557522123894,0.017857142857142856
0.0,0.0,50,0,0.0
0.0,0.15948001305760867,15,0.006493506493506494,0.03571428571428571
0.0,0.0,50,0,0.0
0.0,0.12321006298421819,25,0.003875968992248062,0.017699115044247787
0.0,0.1868379009584795,15,0.006578947368421052,0.04424778761061947
0.035398230088495575,0.38525439583910026,0,0.25,0.061946902654867256
0.0,0.1187884897993709,29,0.0033444816053511705,0.02654867256637168
0.05309734513274336,0.380052464877519,6,0.015625,0.23893805309734514
0.0,0.0,50,0,0.0
0.0,0.0,50,0,0.0
0.02654867256637168,0.28216978844399937,1,0.07142857142857142,0.08849557522123894
0.0,0.11333541637724692,45,0.002207505518763797,0.008849557522123894
0.0,0.0,50,0,0.0
0.11403508771929824,0.47009020668314955,0,0.14285714285714285,0.24561403508771928
0.0,0.1442847926987864,12,0.00819672131147541,0.008771929824561403
0.0,0.0,50,0,0.0
0.008771929824561403,0.20801459767650948,2,0.03571428571428571,0.008771929824561403
0.0,0.13170966856861138,19,0.0051813471502590676,0.008771929824561403
0.008771929824561403,0.26836815236668665,5,0.016666666666666666,0.11403508771929824
0.0,0.11164325195357283,49,0.002012072434607646,0.008771929824561403
0.0,0.0,50,0,0.0
0.017391304347826087,0.17936809773829643,9,0.010101010101010102,0.034782608695652174
0.008695652173913044,0.26889003750763063,5,0.018518518518518517,0.10434782608695652
0.008695652173913044,0.23137821315975915,1,0.05,0.008695652173913044
0.0,0.0,50,0,0.0
0.0,0.0,50,0,0.0
0.0,0.13220471490234448,36,0.002770083102493075,0.02608695652173913
0.0,0.11329456824939788,45,0.0022026431718061676,0.008695652173913044
0.0,0.16785189114815446,23,0.0041841004184100415,0.043478260869565216
0.06956521739130435,0.41967029163418385,0,0.3333333333333333,0.17391304347826086
0.008695652173913044,0.2857820755315444,2,0.04,0.13043478260869565
0.0,0.12036100072137051,31,0.0031545741324921135,0.008620689655172414
0.0,0.0,50,0,0.0
0.0,0.1206269875212659,31,0.003194888178913738,0.008620689655172414
0.0,0.14006321987418363,15,0.00641025641025641,0.02586206896551724
0.0,0.0,50,0,0.0
0.0,0.12401289965428365,20,0.0048543689320388345,0.017241379310344827
0.0,0.0,50,0,0.0
0.0,0.11603101297080894,39,0.002544529262086514,0.008620689655172414
0.008620689655172414,0.2103099178571525,2,0.037037037037037035,0.008620689655172414
0.0,0.1119358212213972,48,0.002044989775051125,0.008547008547008548
0.017094017094017096,0.1843455232316117,3,0.02857142857142857,0.03418803418803419
0.008547008547008548,0.15889355183237971,8,0.011904761904761904,0.03418803418803419
0.0,0.15021494136368413,29,0.0033333333333333335,0.03418803418803419
0.008547008547008548,0.29741977442183765,7,0.012658227848101266,0.15384615384615385
0.0,0.1137505939404073,44,0.002257336343115124,0.008547008547008548
0.0,0.0,50,0,0.0
0.025423728813559324,0.44964288511785944,0,0.5,0.05084745762711865
0.03389830508474576,0.2824149504885353,2,0.047619047619047616,0.06779661016949153
0.0,0.0,50,0,0.0
0.0,0.1633997482779221,21,0.004672897196261682,0.0423728813559322
0.03389830508474576,0.26257674591071584,5,0.018518518518518517,0.0847457627118644
0.0,0.1576101229135506,15,0.006369426751592357,0.03389830508474576
0.0,0.0,50,0,0.0
0.0,0.16004046127648427,17,0.005555555555555556,0.03389830508474576
0.0,0.0,50,0,0.0
0.0,0.0,50,0,0.0
0.0,0.13225409118000203,31,0.0031746031746031746,0.025210084033613446
0.058823529411764705,0.4020268487889316,0,0.2,0.11764705882352941
0.0,0.0,50,0,0.0
0.0,0.0,50,0,0.0
0.0,0.0,50,0,0.0
0.0,0.13931397697682235,24,0.004081632653061225,0.025210084033613446
0.0,0.0,50,0,0.0
0.0,0.15497113175025456,14,0.0070921985815602835,0.025210084033613446
0.008403361344537815,0.18344912024310508,6,0.014492753623188406,0.04201680672268908
0.0,0.0,50,0,0.0
0.0,0.0,50,0,0.0
0.008333333333333333,0.13797139751867576,7,0.01282051282051282,0.016666666666666666
0.0,0.12829697788094419,22,0.0045045045045045045,0.008333333333333333
0.0,0.1488308996838265,13,0.0072992700729927005,0.025
0.0,0.18400957382995853,43,0.0022935779816513763,0.058333333333333334
0.0,0.0,50,0,0.0
0.008333333333333333,0.16092579170979313,6,0.015151515151515152,0.041666666666666664
0.0,0.1288402240804449,21,0.004608294930875576,0.008333333333333333
0.0,0.11910168980366315,32,0.0030303030303030303,0.016666666666666666
0.0,0.0,50,0,0.0
0.04132231404958678,0.27109944892666843,4,0.023255813953488372,0.0743801652892562
0.0,0.11850037510932032,34,0.002881844380403458,0.008264462809917356
0.0,0.11283324411584973,46,0.002150537634408602,0.01652892561983471
0.0,0.0,50,0,0.0
0.0,0.0,50,0,0.0
0.0,0.122400144410562,28,0.003472222222222222,0.008264462809917356
0.0,0.11269581318369601,46,0.0021321961620469083,0.008264462809917356
0.008264462809917356,0.24829274613921629,4,0.022222222222222223,0.08264462809917356
0.008264462809917356,0.1312624759801178,9,0.01,0.01652892561983471
0.0,0.0,50,0,0.0
0.03278688524590164,0.38643415194108144,0,0.3333333333333333,0.05737704918032787
0.0,0.0,50,0,0.0
0.01639344262295082,0.3546261873969227,3,0.02564102564102564,0.20491803278688525
0.0,0.11732184328048208,36,0.002717391304347826,0.00819672131147541
0.01639344262295082,0.22929655866273246,2,0.047619047619047616,0.040983606557377046
0.0,0.13642173674792224,21,0.0045662100456621,0.024390243902439025
0.0,0.14499059954407434,39,0.002551020408163265,0.032520325203252036
0.0,0.13726078121135893,15,0.00641025641025641,0.008130081300813009
0.016260162601626018,0.23060163537698694,3,0.02631578947368421,0.056910569105691054
0.0,0.0,50,0,0.0
0.04878048780487805,0.3215590922358048,2,0.041666666666666664,0.12195121951219512
0.024390243902439025,0.25972429474565856,1,0.0625,0.056910569105691054
0.0,0.11826863395642541,35,0.002849002849002849,0.008130081300813009
0.032520325203252036,0.2510133635104268,1,0.05263157894736842,0.056910569105691054
0.008130081300813009,0.15403922195426356,8,0.011111111111111112,0.008130081300813009
0.0,0.13743580294959373,15,0.0064516129032258064,0.008130081300813009
0.0,0.13490309645826126,31,0.0031545741324921135,0.024193548387096774
0.0,0.13626054564711354,17,0.005813953488372093,0.024193548387096774
0.04838709677419355,0.35925989427732996,1,0.05555555555555555,0.16129032258064516
0.0,0.13401691369028293,28,0.0035211267605633804,0.024193548387096774
0.06451612903225806,0.34675234722390735,4,0.023809523809523808,0.14516129032258066
0.0,0.0,50,0,0.0
0.016,0.18837584278531155,5,0.018518518518518517,0.04
0.0,0.12103486204555965,26,0.0037593984962406013,0.016
0.0,0.0,50,0,0.0
0.016,0.19009113575243083,12,0.008264462809917356,0.048
0.016,0.2873647435753443,1,0.058823529411764705,0.112
0.0,0.0,50,0,0.0
0.0,0.2156426450241315,21,0.004672897196261682,0.07936507936507936
0.0,0.0,50,0,0.0
0.007936507936507936,0.23416840602912645,9,0.01098901098901099,0.0873015873015873
0.0,0.11189890502732074,48,0.0020408163265306124,0.007936507936507936
0.031746031746031744,0.34004044462201666,2,0.037037037037037035,0.15079365079365079
0.023622047244094488,0.24465499865436166,3,0.02564102564102564,0.07086614173228346
0.007874015748031496,0.18862824009884538,9,0.010416666666666666,0.03937007874015748
0.0,0.0,50,0,0.0
0.0,0.0,50,0,0.0
0.0,0.0,50,0,0.0
0.015748031496062992,0.187716153093183,11,0.008547008547008548,0.03937007874015748
0.0,0.0,50,0,0.0
0.0,0.0,50,0,0.0
0.0,0.0,50,0,0.0
0.0,0.11502864211895582,41,0.0024154589371980675,0.0078125
0.0,0.0,50,0,0.0
0.015625,0.21256640842818217,7,0.012987012987012988,0.0546875
0.0,0.0,50,0,0.0
0.015625,0.21491759812174996,3,0.025,0.046875
0.0078125,0.13288892057507376,9,0.010752688172043012,0.015625
0.0,0.0,50,0,0.0
0.0078125,0.14651457846969537,10,0.009523809523809525,0.0234375
0.0078125,0.1822033327671993,7,0.013333333333333334,0.0390625
0.0,0.0,50,0,0.0
0.023255813953488372,0.2529401102743064,2,0.04,0.06201550387596899
0.007751937984496124,0.1535778451679594,9,0.01020408163265306,0.023255813953488372
0.0,0.0,50,0,0.0
0.0,0.19311953868876106,13,0.007246376811594203,0.046511627906976744
0.03875968992248062,0.2891889787729785,4,0.023255813953488372,0.08527131782945736
0.0,0.0,50,0,0.0
0.03076923076923077,0.24036925977761825,5,0.018518518518518517,0.06153846153846154
0.0,0.12470451422576437,20,0.004761904761904762,0.015384615384615385
0.007692307692307693,0.15865390285452227,5,0.019230769230769232,0.023076923076923078
0.0,0.12356728153173473,27,0.003663003663003663,0.007692307692307693
0.0,0.0,50,0,0.0
0.0,0.18488027540272955,26,0.0038314176245210726,0.046153846153846156
0.0,0.1289509357448472,21,0.004629629629629629,0.015384615384615385
0.0,0.12336710749620933,24,0.0040650406504065045,0.015267175572519083
0.0,0.12509003017143874,18,0.0055248618784530384,0.015267175572519083
0.061068702290076333,0.35327408949045114,0,0.125,0.11450381679389313
0.06870229007633588,0.36437941155057507,2,0.047619047619047616,0.15267175572519084
0.007633587786259542,0.16362699541990172,5,0.016666666666666666,0.022900763358778626
0.03816793893129771,0.2901552940828742,2,0.043478260869565216,0.06870229007633588
0.0916030534351145,0.4701717898352583,0,0.25,0.19083969465648856
0.06870229007633588,0.3876976952895642,1,0.07142857142857142,0.15267175572519084
0.030534351145038167,0.3053293748362691,1,0.08333333333333333,0.061068702290076333
0.0,0.11792758407219128,35,0.0028011204481792717,0.007633587786259542
0.0,0.1396673142523192,14,0.006993006993006993,0.007575757575757576
0.07575757575757576,0.446518821526682,0,0.16666666666666666,0.21212121212121213
0.007575757575757576,0.16278548869048604,2,0.037037037037037035,0.015151515151515152
0.08333333333333333,0.41147408861449447,1,0.09090909090909091,0.13636363636363635
0.0,0.16922064980953794,17,0.0056179775280898875,0.03787878787878788
0.0,0.0,50,0,0.0
0.0,0.0,50,0,0.0
0.007575757575757576,0.14375521982712794,8,0.011904761904761904,0.022727272727272728
0.007575757575757576,0.13400713027618097,12,0.00819672131147541,0.015151515151515152
0.0,0.12799143914214575,17,0.005847953216374269,0.015151515151515152
0.0,0.11540233518435107,40,0.0024630541871921183,0.007575757575757576
0.007575757575757576,0.1673876497706729,2,0.038461538461538464,0.015151515151515152
0.0,0.0,50,0,0.0
0.007518796992481203,0.1470855833327391,12,0.007751937984496124,0.022556390977443608
0.007518796992481203,0.1675623994040487,7,0.013157894736842105,0.03007518796992481
0.022556390977443608,0.2291876430485611,5,0.017857142857142856,0.05263157894736842
0.0,0.12823227991521072,19,0.005076142131979695,0.014925373134328358
0.0,0.126165757814624,14,0.006756756756756757,0.014925373134328358
0.0,0.13640858525969024,16,0.006211180124223602,0.007462686567164179
0.0,0.12191631538618791,20,0.0049504950495049506,0.014925373134328358
0.0,0.0,50,0,0.0
0.04477611940298507,0.34356154262252697,1,0.09090909090909091,0.11194029850746269
0.007462686567164179,0.14970499559409967,4,0.023255813953488372,0.014925373134328358
0.0,0.0,50,0,0.0
0.014925373134328358,0.2083259653507536,2,0.03571428571428571,0.03731343283582089
0.022388059701492536,0.2720986084124018,0,0.14285714285714285,0.05970149253731343
0.0,0.0,50,0,0.0
0.037037037037037035,0.27074424955623616,3,0.02564102564102564,0.08148148148148149
0.037037037037037035,0.24985786150978917,2,0.043478260869565216,0.044444444444444446
0.007407407407407408,0.19989835188650343,11,0.008771929824561403,0.05185185185185185
0.0,0.0,50,0,0.0
0.0,0.12300053012135001,21,0.004608294930875576,0.014814814814814815
0.007407407407407408,0.16942720505375958,4,0.02,0.02962962962962963
0.0,0.0,50,0,0.0
0.0,0.12686100255179733,23,0.00423728813559322,0.007352941176470588
0.0,0.0,50,0,0.0
0.03676470588235294,0.26537920014794897,2,0.037037037037037035,0.04411764705882353
0.007352941176470588,0.1480385917876254,12,0.007692307692307693,0.022058823529411766
0.0,0.0,50,0,0.0
0.0,0.20057295671054476,15,0.006493506493506494,0.051470588235294115
0.0,0.0,50,0,0.0
0.007352941176470588,0.13617600268897562,8,0.012345679012345678,0.014705882352941176
0.16911764705882354,0.5241516908520456,1,0.09090909090909091,0.2867647058823529
0.029411764705882353,0.2707494206008194,2,0.041666666666666664,0.0661764705882353
0.0,0.14338839024926495,16,0.006172839506172839,0.022058823529411766
0.0,0.0,50,0,0.0
0.0072992700729927005,0.16630428869548472,8,0.012345679012345678,0.0364963503649635
0.0,0.0,50,0,0.0
0.0,0.0,50,0,0.0
0.0072992700729927005,0.18481385611329473,10,0.009708737864077669,0.043795620437956206
0.0,0.0,50,0,0.0
0.0,0.0,50,0,0.0
0.007246376811594203,0.13535002239720395,10,0.00980392156862745,0.014492753623188406
0.0,0.0,50,0,0.0
0.0,0.0,50,0,0.0
0.02158273381294964,0.2734617160680508,1,0.07142857142857142,0.07913669064748201
0.014388489208633094,0.2129277696269359,10,0.009433962264150943,0.050359712230215826
0.02158273381294964,0.22805203522737102,5,0.018867924528301886,0.050359712230215826
0.02158273381294964,0.24205007062582495,2,0.041666666666666664,0.04316546762589928
0.0,0.0,50,0,0.0
0.0,0.0,50,0,0.0
0.0,0.11940242290168822,33,0.0030120481927710845,0.007194244604316547
0.0,0.14068160138769784,15,0.006535947712418301,0.02158273381294964
0.0,0.0,50,0,0.0
0.0,0.0,50,0,0.0
0.007142857142857143,0.14778270371731583,11,0.008771929824561403,0.02142857142857143
0.007142857142857143,0.21797915095775333,0,0.1111111111111111,0.014285714285714285
0.0,0.0,50,0,0.0
0.0,0.2178189824203095,14,0.006666666666666667,0.05673758865248227
0.014184397163120567,0.1711289581036399,5,0.017543859649122806,0.02127659574468085
0.02127659574468085,0.21710764035258925,4,0.02,0.0425531914893617
0.014184397163120567,0.19459740124595487,9,0.010752688172043012,0.03546099290780142
0.0,0.11242501269954118,47,0.0021008403361344537,0.0070921985815602835
0.0,0.20237997747678432,16,0.005917159763313609,0.04964539007092199
0.0,0.0,50,0,0.0
0.0,0.16007058319488332,19,0.005128205128205128,0.028169014084507043
0.0,0.0,50,0,0.0
0.0,0.1170436219011726,29,0.003367003367003367,0.014084507042253521
0.04225352112676056,0.2889193323525514,1,0.06666666666666667,0.07042253521126761
0.0,0.12482481998286134,25,0.003875968992248062,0.007042253521126761
0.0,0.11502864211895582,41,0.0024154589371980675,0.007042253521126761
0.014084507042253521,0.14898902491111488,9,0.01,0.014084507042253521
0.0,0.12101611577762963,27,0.003676470588235294,0.014084507042253521
0.02097902097902098,0.24820327647156443,3,0.03225806451612903,0.06293706293706294
0.0,0.13218437851944614,34,0.002898550724637681,0.02097902097902098
0.0,0.19429173944016867,17,0.005681818181818182,0.04895104895104895
0.0,0.18273302054755466,17,0.005714285714285714,0.04895104895104895
0.04895104895104895,0.3432537682035318,1,0.05263157894736842,0.11888111888111888
0.0,0.0,50,0,0.0
0.0,0.12641471516299171,14,0.006711409395973154,0.013986013986013986
0.0,0.11815408757587079,35,0.0028328611898017,0.006944444444444444
0.0,0.0,50,0,0.0
0.0,0.11379279563487225,44,0.0022624434389140274,0.006944444444444444
0.0,0.13264079256781566,18,0.005376344086021506,0.006944444444444444
0.006944444444444444,0.15807453679024527,10,0.009523809523809525,0.027777777777777776
0.0,0.11446143635431966,37,0.002631578947368421,0.013888888888888888
0.05517241379310345,0.41985673463951123,0,0.1,0.1724137931034483
0.0,0.0,50,0,0.0
0.013793103448275862,0.14705053562727405,10,0.009174311926605505,0.013793103448275862
0.0,0.0,50,0,0.0
0.006896551724137931,0.13558639700701275,12,0.007874015748031496,0.013793103448275862
0.0,0.17304293259951875,19,0.0051813471502590676,0.034482758620689655
0.0,0.0,50,0,0.0
0.0,0.12366922211104767,20,0.004901960784313725,0.0136986301369863
0.00684931506849315,0.14639879524592256,9,0.01020408163265306,0.02054794520547945
0.00684931506849315,0.16054408543402138,7,0.013333333333333334,0.00684931506849315
0.0,0.0,50,0,0.0
0.0136986301369863,0.26502505665358156,5,0.017857142857142856,0.07534246575342465
0.0,0.11231056491151352,47,0.0020876826722338203,0.00684931506849315
0.00684931506849315,0.16838755101786315,6,0.01639344262295082,0.0273972602739726
0.0,0.11591544148449637,38,0.0025906735751295338,0.013605442176870748
0.04081632653061224,0.3498429166348222,1,0.05555555555555555,0.10204081632653061
0.034013605442176874,0.252328160910675,4,0.02040816326530612,0.05442176870748299
0.034013605442176874,0.26681355686743435,5,0.0196078431372549,0.06802721088435375
0.006802721088435374,0.14561529524016542,5,0.017857142857142856,0.013605442176870748
0.16326530612244897,0.5811000574883486,0,0.25,0.24489795918367346
0.0,0.11861759423608151,34,0.002898550724637681,0.006802721088435374
0.006802721088435374,0.1772479643459782,5,0.018867924528301886,0.027210884353741496
0.0,0.0,50,0,0.0
0.013513513513513514,0.18616941444684013,8,0.011494252873563218,0.033783783783783786
0.04054054054054054,0.2563931572796591,2,0.03333333333333333,0.060810810810810814
0.0,0.0,50,0,0.0
0.0,0.11770445668331912,36,0.002770083102493075,0.006711409395973154
0.006711409395973154,0.1825057714197983,1,0.058823529411764705,0.013422818791946308
0.0,0.0,50,0,0.0
0.006711409395973154,0.17978394903136474,12,0.007692307692307693,0.03355704697986577
0.020134228187919462,0.2173866208508243,5,0.0196078431372549,0.040268456375838924
0.11409395973154363,0.43929840580154866,0,0.2,0.18791946308724833
0.0,0.17132638386856228,15,0.006578947368421052,0.026845637583892617
0.0,0.0,50,0,0.0
0.053691275167785234,0.36197852410165443,3,0.03225806451612903,0.14093959731543623
0.0,0.0,50,0,0.0
0.02666666666666667,0.2651242091815587,2,0.04,0.04666666666666667
0.013333333333333334,0.24982552908470956,2,0.037037037037037035,0.05333333333333334
0.0,0.12356728153173473,27,0.003663003663003663,0.006666666666666667
0.013333333333333334,0.18375240516087835,5,0.016666666666666666,0.02666666666666667
0.0,0.0,50,0,0.0
0.013333333333333334,0.1912505401095149,13,0.007407407407407408,0.04
0.02666666666666667,0.22842139695768576,8,0.012345679012345678,0.05333333333333334
0.0,0.13912346816482649,18,0.0053475935828877,0.02
0.02,0.20933867457585378,6,0.016129032258064516,0.04
0.006622516556291391,0.1949590218937863,3,0.02857142857142857,0.006622516556291391
0.06622516556291391,0.37751783711818376,1,0.07142857142857142,0.1390728476821192
0.026490066225165563,0.27943968182980455,4,0.02,0.07947019867549669
0.0,0.0,50,0,0.0
0.0,0.13272018712285014,27,0.0036900369003690036,0.019867549668874173
0.0,0.11164325195357283,49,0.002012072434607646,0.006622516556291391
0.0,0.16918796100493008,23,0.004219409282700422,0.033112582781456956
0.0,0.0,50,0,0.0
0.0,0.0,50,0,0.0
0.006578947368421052,0.138224586656119,11,0.008771929824561403,0.013157894736842105
0.019736842105263157,0.22875909845061437,7,0.01282051282051282,0.05263157894736842
0.0,0.11868152790642349,24,0.004032258064516129,0.013157894736842105
0.0,0.0,50,0,0.0
0.03289473684210526,0.29354195712172837,2,0.045454545454545456,0.07236842105263158
0.0,0.12928733580185806,21,0.004694835680751174,0.006578947368421052
0.013157894736842105,0.19425753243786903,6,0.015151515151515152,0.039473684210526314
0.0,0.0,50,0,0.0
0.012987012987012988,0.14647138518414382,8,0.011235955056179775,0.012987012987012988
0.0,0.14154569187839286,21,0.0047169811320754715,0.01948051948051948
0.012987012987012988,0.19082314286038987,4,0.022727272727272728,0.025974025974025976
0.0064516129032258064,0.2229110263523682,4,0.02040816326530612,0.05161290322580645
0.012903225806451613,0.20071445330937232,11,0.008620689655172414,0.03870967741935484
0.0,0.14953513028776874,17,0.005681818181818182,0.019230769230769232
0.0,0.13231271725521201,18,0.005434782608695652,0.01282051282051282
0.006369426751592357,0.14503646569481302,11,0.008403361344537815,0.006369426751592357
0.0,0.0,50,0,0.0
0.03821656050955414,0.3012675806408241,2,0.037037037037037035,0.07643312101910828
0.05732484076433121,0.3280755940923421,1,0.058823529411764705,0.08917197452229299
0.0,0.0,50,0,0.0
0.08917197452229299,0.5026993392284848,0,0.3333333333333333,0.14012738853503184
0.0,0.0,50,0,0.0
0.044585987261146494,0.3462224765960422,3,0.02702702702702703,0.14012738853503184
0.0,0.0,50,0,0.0
0.0,0.2134470314596004,20,0.004761904761904762,0.05063291139240506
0.006329113924050633,0.17376534287144002,5,0.018518518518518517,0.006329113924050633
0.012658227848101266,0.2624116409934161,0,0.16666666666666666,0.012658227848101266
0.006329113924050633,0.2071110455757973,15,0.006329113924050633,0.05063291139240506
0.006329113924050633,0.1444917291312102,6,0.016129032258064516,0.012658227848101266
0.006329113924050633,0.14380878430941185,8,0.011235955056179775,0.012658227848101266
0.0189873417721519,0.30784836511338937,1,0.058823529411764705,0.0949367088607595
0.07547169811320754,0.4296598358439108,0,0.14285714285714285,0.16352201257861634
0.006289308176100629,0.1665342507019617,11,0.008547008547008548,0.025157232704402517
0.006289308176100629,0.14451629080295045,12,0.008,0.018867924528301886
0.0,0.0,50,0,0.0
0.0,0.0,50,0,0.0
0.006289308176100629,0.1585331651771353,13,0.0072992700729927005,0.025157232704402517
0.0,0.194450005180424,17,0.00558659217877095,0.03773584905660377
0.0,0.11855887100316063,34,0.002890173410404624,0.012578616352201259
0.0,0.0,50,0,0.0
0.00625,0.13917261642760534,14,0.006711409395973154,0.01875
0.0,0.1225889219964586,28,0.0035087719298245615,0.0125
0.006211180124223602,0.1636878279534591,5,0.017241379310344827,0.018633540372670808
0.006211180124223602,0.1398817766220207,6,0.015873015873015872,0.012422360248447204
0.0,0.15048386001992828,20,0.0048543689320388345,0.024844720496894408
0.012422360248447204,0.24475086426658366,2,0.03333333333333333,0.055900621118012424
0.0,0.0,50,0,0.0
0.0,0.15017640137359634,18,0.005434782608695652,0.024844720496894408
0.0,0.12161183627295877,19,0.00510204081632653,0.012345679012345678
0.0,0.1295440407667979,42,0.002325581395348837,0.018518518518518517
0.006172839506172839,0.19495475301189577,9,0.010752688172043012,0.037037037037037035
0.043209876543209874,0.32972221046601746,1,0.0625,0.09259259259259259
0.0,0.0,50,0,0.0
0.006134969325153374,0.16860223906387056,7,0.013157894736842105,0.024539877300613498
0.03680981595092025,0.3372451935207454,0,0.1,0.07975460122699386
0.0,0.16490790961455035,29,0.0033444816053511705,0.03067484662576687
0.03067484662576687,0.27372339805198126,4,0.020833333333333332,0.0736196319018405
0.018292682926829267,0.22540031297686167,1,0.05,0.036585365853658534
0.030303030303030304,0.29147440956490317,5,0.017857142857142856,0.08484848484848485
0.0,0.0,50,0,0.0
0.024242424242424242,0.3005923444477745,1,0.05263157894736842,0.07878787878787878
0.0,0.0,50,0,0.0
0.0,0.11463740410703241,36,0.0027247956403269754,0.012121212121212121
0.006060606060606061,0.1533113987206483,4,0.024390243902439025,0.012121212121212121
0.0,0.0,50,0,0.0
0.0783132530120482,0.4612943903752118,0,0.14285714285714285,0.16265060240963855
0.0,0.0,50,0,0.0
0.0,0.0,50,0,0.0
0.023952095808383235,0.2778952249210194,0,0.1111111111111111,0.05389221556886228
0.017964071856287425,0.23859400466107042,10,0.009345794392523364,0.05389221556886228
0.0,0.11244419356670424,47,0.002105263157894737,0.011976047904191617
0.005988023952095809,0.19527184585908727,16,0.006211180124223602,0.04790419161676647
0.011976047904191617,0.23155776314840348,4,0.022222222222222223,0.04790419161676647
0.0,0.11809714022285772,35,0.002824858757062147,0.005988023952095809
0.017857142857142856,0.2501429229334821,3,0.027777777777777776,0.05357142857142857
0.0,0.1195894192856196,32,0.00303951367781155,0.005952380952380952
0.005952380952380952,0.14804095548293264,10,0.009259259259259259,0.005952380952380952
0.005952380952380952,0.17770623063521274,12,0.008064516129032258,0.02976190476190476
0.005952380952380952,0.21734112440421502,13,0.007194244604316547,0.047619047619047616
0.0,0.1285122442369443,21,0.004545454545454545,0.005917159763313609
0.0,0.12571980385927414,24,0.004032258064516129,0.005917159763313609
0.01775147928994083,0.24590691973064627,1,0.08333333333333333,0.04142011834319527
0.04142011834319527,0.3448711551802166,1,0.058823529411764705,0.11834319526627218
0.011764705882352941,0.18913870875408617,6,0.015625,0.029411764705882353
0.0,0.0,50,0,0.0
0.01764705882352941,0.280225163052505,4,0.02,0.08235294117647059
0.0,0.0,50,0,0.0
0.0,0.0,50,0,0.0
0.03508771929824561,0.3417390548204223,1,0.09090909090909091,0.08771929824561403
0.0,0.0,50,0,0.0
0.0,0.14945797423892027,26,0.0038314176245210726,0.023391812865497075
0.029239766081871343,0.2321332114637088,3,0.025,0.03508771929824561
0.005813953488372093,0.1951334149001491,13,0.007246376811594203,0.05232558139534884
0.005813953488372093,0.19072752002165935,1,0.05555555555555555,0.023255813953488372
0.05813953488372093,0.33936186018375847,1,0.058823529411764705,0.08139534883720931
0.005813953488372093,0.1477501131786861,10,0.009174311926605505,0.005813953488372093
0.0,0.0,50,0,0.0
0.0,0.17029001040730815,24,0.004016064257028112,0.028901734104046242
0.005780346820809248,0.14743835514748002,4,0.02127659574468085,0.011560693641618497
0.0,0.0,50,0,0.0
0.005747126436781609,0.15691915512639526,14,0.006802721088435374,0.022988505747126436
0.0,0.0,50,0,0.0
0.0,0.0,50,0,0.0
0.017142857142857144,0.24400510538690987,3,0.027777777777777776,0.05142857142857143
0.011428571428571429,0.1855957500693171,7,0.0136986301369863,0.02857142857142857
0.011428571428571429,0.21423476596490948,6,0.015151515151515152,0.04
0.0,0.1574566000125759,20,0.0049504950495049506,0.022727272727272728
0.0,0.0,50,0,0.0
0.0,0.14151472488913378,22,0.004464285714285714,0.017045454545454544
0.0,0.11743016064332126,36,0.00273224043715847,0.005681818181818182
0.0,0.0,50,0,0.0
0.0,0.0,50,0,0.0
0.01694915254237288,0.19596628960065038,6,0.014925373134328358,0.02824858757062147
0.016853932584269662,0.24560232731129042,1,0.058823529411764705,0.03932584269662921
0.02247191011235955,0.24201010811201362,3,0.03225806451612903,0.03932584269662921
0.0,0.0,50,0,0.0
0.061452513966480445,0.35949118115041234,2,0.045454545454545456,0.10614525139664804
0.2346368715083799,0.7340853025420513,0,0.5,0.3240223463687151
0.00558659217877095,0.1423602013384386,13,0.007462686567164179,0.01675977653631285
0.0,0.0,50,0,0.0
0.0223463687150838,0.24474504638790867,1,0.05555555555555555,0.03910614525139665
0.0,0.0,50,0,0.0
0.0,0.0,50,0,0.0
0.011111111111111112,0.17754757928215353,6,0.015873015873015872,0.022222222222222223
0.027777777777777776,0.2547124487901161,8,0.012195121951219513,0.06666666666666667
0.0,0.11231056491151352,47,0.0020876826722338203,0.0055248618784530384
0.0,0.0,50,0,0.0
0.03867403314917127,0.39786469063606456,0,0.25,0.06629834254143646
0.011049723756906077,0.18531520673838936,4,0.023809523809523808,0.022099447513812154
0.016483516483516484,0.26946584750822805,1,0.05263157894736842,0.04945054945054945
0.016483516483516484,0.21659375892020102,3,0.02631578947368421,0.027472527472527472
0.0,0.0,50,0,0.0
0.0,0.0,50,0,0.0
0.01092896174863388,0.2013946896590243,8,0.012195121951219513,0.03278688524590164
0.00546448087431694,0.25071756283019164,7,0.01282051282051282,0.060109289617486336
0.01639344262295082,0.21216434357978503,5,0.017857142857142856,0.03278688524590164
0.0,0.11952731647946241,25,0.003937007874015748,0.01092896174863388
0.0,0.16597124334659175,24,0.004149377593360996,0.0273224043715847
0.0,0.0,50,0,0.0
0.0,0.0,50,0,0.0
0.0,0.11173548030957683,48,0.002044989775051125,0.010869565217391304
0.016304347826086956,0.3104157677885286,6,0.014285714285714285,0.11413043478260869
0.03783783783783784,0.33091256979400957,1,0.05263157894736842,0.0972972972972973
0.0,0.0,50,0,0.0
0.0,0.0,50,0,0.0
0.005376344086021506,0.13615317589365367,7,0.012987012987012988,0.010752688172043012
0.0,0.0,50,0,0.0
0.021505376344086023,0.2594240274045872,3,0.02857142857142857,0.053763440860215055
0.0,0.0,50,0,0.0
0.0,0.14404457012391544,20,0.004784688995215311,0.015957446808510637
0.0,0.13831060656714222,26,0.0037593984962406013,0.015957446808510637
0.015957446808510637,0.21995357491012354,1,0.058823529411764705,0.026595744680851064
0.026595744680851064,0.2512760410165731,4,0.02127659574468085,0.03723404255319149
0.0,0.12195533459213576,26,0.003703703703703704,0.010638297872340425
0.005291005291005291,0.15649328436523477,5,0.018518518518518517,0.021164021164021163
0.0,0.0,50,0,0.0
0.042105263157894736,0.37561795954171107,1,0.08333333333333333,0.11052631578947368
0.05263157894736842,0.3479630445681028,6,0.016129032258064516,0.11052631578947368
0.010526315789473684,0.2689084898928132,0,0.16666666666666666,0.031578947368421054
0.0,0.13740556720411867,28,0.0035087719298245615,0.015789473684210527
0.02631578947368421,0.2672282836514106,4,0.023255813953488372,0.04736842105263158
0.005235602094240838,0.16370565544521565,6,0.014492753623188406,0.005235602094240838
0.005235602094240838,0.19823986317056053,3,0.030303030303030304,0.005235602094240838
0.031413612565445025,0.27849391251233835,4,0.020833333333333332,0.06282722513089005
0.0,0.0,50,0,0.0
0.057291666666666664,0.40056489747247265,0,0.14285714285714285,0.109375
0.0,0.15402524204954257,28,0.0035335689045936395,0.020833333333333332
0.020833333333333332,0.3101550744629637,1,0.05263157894736842,0.078125
0.0,0.1239758173245847,26,0.0037313432835820895,0.0051813471502590676
0.0051813471502590676,0.1389114400702432,6,0.014925373134328358,0.010362694300518135
0.0,0.0,50,0,0.0
0.005128205128205128,0.16929380759878143,5,0.016666666666666666,0.005128205128205128
0.005128205128205128,0.13097047235195003,16,0.005952380952380952,0.010256410256410256
0.0,0.11164325195357283,49,0.002012072434607646,0.005128205128205128
0.0,0.0,50,0,0.0
0.02564102564102564,0.3016544002689508,3,0.02631578947368421,0.07179487179487179
0.035897435897435895,0.3111924136038046,1,0.06666666666666667,0.046153846153846156
0.04591836734693878,0.3415669442572044,2,0.041666666666666664,0.08673469387755102
0.04568527918781726,0.3116772033997261,2,0.03333333333333333,0.08121827411167512
0.015228426395939087,0.23430727070765606,3,0.030303030303030304,0.03553299492385787
0.005076142131979695,0.152609480499569,7,0.0136986301369863,0.015228426395939087
0.0,0.1192176847020951,33,0.0029850746268656717,0.005076142131979695
0.015151515151515152,0.3613130358163285,0,0.25,0.050505050505050504
0.0,0.0,50,0,0.0
0.005050505050505051,0.17812651717121403,8,0.012048192771084338,0.025252525252525252
0.0,0.0,50,0,0.0
0.0,0.13070098600339122,20,0.004975124378109453,0.005025125628140704
0.01,0.2221981130917716,9,0.010869565217391304,0.04
0.015,0.268814688771446,2,0.037037037037037035,0.05
0.029850746268656716,0.2553402108659091,6,0.015384615384615385,0.04975124378109453
0.004975124378109453,0.20925601889363368,7,0.013513513513513514,0.03482587064676617
0.0297029702970297,0.2787455438508276,9,0.010869565217391304,0.06435643564356436
0.0,0.11160711879100983,49,0.002008032128514056,0.0049504950495049506
0.0,0.0,50,0,0.0
0.0049261083743842365,0.13797047475229052,15,0.006578947368421052,0.0049261083743842365
0.0,0.12044844223695,27,0.0036101083032490976,0.009852216748768473
0.0,0.0,50,0,0.0
0.024630541871921183,0.30345700064030107,5,0.019230769230769232,0.07389162561576355
0.0,0.12063437061236751,27,0.0036900369003690036,0.009852216748768473
0.0,0.0,50,0,0.0
0.0,0.13470578013356477,27,0.0036363636363636364,0.014705882352941176
0.0,0.0,50,0,0.0
0.004901960784313725,0.12454307598085765,15,0.00641025641025641,0.00980392156862745
0.004901960784313725,0.1567641655803958,18,0.0055248618784530384,0.0196078431372549
0.02926829268292683,0.30983149011029015,2,0.03571428571428571,0.06829268292682927
0.00975609756097561,0.1868502915588695,12,0.007936507936507936,0.02926829268292683
0.0,0.0,50,0,0.0
0.004878048780487805,0.1462555070601181,5,0.018867924528301886,0.00975609756097561
0.0,0.11792758407219128,35,0.0028011204481792717,0.004878048780487805
0.1497584541062802,0.5744061822545105,0,0.16666666666666666,0.2222222222222222
0.0,0.0,50,0,0.0
0.07692307692307693,0.43784031099718035,0,0.2,0.125
0.019230769230769232,0.2215394058319051,4,0.022222222222222223,0.03365384615384615
0.0,0.0,50,0,0.0
0.014354066985645933,0.24285568155457085,0,0.1111111111111111,0.028708133971291867
0.03333333333333333,0.312484074619481,2,0.037037037037037035,0.06666666666666667
0.0,0.0,50,0,0.0
0.009523809523809525,0.19678521679799654,1,0.06666666666666667,0.009523809523809525
0.0,0.1239758173245847,26,0.0037313432835820895,0.004761904761904762
0.01904761904761905,0.24606272015861966,5,0.016666666666666666,0.047619047619047616
0.018957345971563982,0.2647042486070189,11,0.009009009009009009,0.061611374407582936
0.0330188679245283,0.2932164377308939,3,0.03225806451612903,0.04716981132075472
0.018867924528301886,0.266833613675464,0,0.14285714285714285,0.03773584905660377
0.0,0.0,50,0,0.0
0.0,0.0,50,0,0.0
0.014084507042253521,0.19397866813462283,3,0.03225806451612903,0.014084507042253521
0.0,0.11729608537617636,36,0.0027397260273972603,0.009389671361502348
0.009389671361502348,0.17804264228935662,18,0.005494505494505495,0.023474178403755867
0.0,0.0,50,0,0.0
0.0,0.0,50,0,0.0
0.02336448598130841,0.2393485316654343,2,0.041666666666666664,0.037383177570093455
0.004672897196261682,0.14006603679764196,17,0.005649717514124294,0.014018691588785047
0.009345794392523364,0.1502284768775731,10,0.009259259259259259,0.014018691588785047
0.0,0.11484538363826739,41,0.0023923444976076554,0.004651162790697674
0.027777777777777776,0.24997320758981112,5,0.018518518518518517,0.041666666666666664
0.013824884792626729,0.18416355998626147,3,0.027777777777777776,0.013824884792626729
0.14285714285714285,0.5428757804849021,0,0.2,0.18433179723502305
0.0,0.0,50,0,0.0
0.0136986301369863,0.2562543013811154,3,0.027777777777777776,0.045662100456621
0.0091324200913242,0.14441786611078958,16,0.0058823529411764705,0.0136986301369863
0.03636363636363636,0.33916574343405714,2,0.047619047619047616,0.07727272727272727
0.00909090909090909,0.16711174090579664,11,0.008620689655172414,0.01818181818181818
0.01809954751131222,0.20775518234271267,4,0.023255813953488372,0.02262443438914027
0.0,0.11461013666812489,36,0.0027624309392265192,0.009009009009009009
0.0,0.11642363545570181,36,0.0027472527472527475,0.009009009009009009
0.05855855855855856,0.3764608951913807,1,0.07142857142857142,0.06756756756756757
0.008968609865470852,0.14435034287006893,11,0.009009009009009009,0.008968609865470852
